{
    "rmse": 173736.5616374791,
    "mae": 139098.53324456405,
    "r2": 0.7778894520473815
}