{
    "rmse": 170714.05692211643,
    "mae": 139194.39491889172,
    "r2": 0.7883946029412298
}