{
    "rmse": 157647.84975296978,
    "mae": 121053.89790981273,
    "r2": 0.8183723435153849
}